"","x"
"1","a31"
"2","a68"
"3","aab"
"4","acl"
"5","aib"
"6","aks"
"7","amh"
"8","aou"
"9","apa"
"10","apo"
"11","aro"
"12","asm"
"13","b52"
"14","bca"
"15","bcc"
"16","bcd"
"17","bue"
"18","ccg"
"19","ccu"
"20","cgt"
"21","cle"
"22","cns"
"23","cov"
"24","crc"
"25","dnf"
"26","doz"
"27","dts"
"28","dwi"
"29","ecj"
"30","eea"
"31","epr"
"32","eto"
"33","ett"
"34","exi"
"35","fap"
"36","fau"
"37","fav"
"38","ffd"
"39","gof"
"40","gop"
"41","haf"
"42","heo"
"43","hmn"
"44","hqg"
"45","hrr"
"46","huo"
"47","iba"
"48","ics"
"49","igg"
"50","ihs"
"51","ini"
"52","jao"
"53","jvc"
"54","kah"
"55","kak"
"56","kem"
"57","kno"
"58","krb"
"59","lae"
"60","lds"
"61","ldv"
"62","lls"
"63","lly"
"64","loe"
"65","lut"
"66","lyd"
"67","m56"
"68","mds"
"69","mgb"
"70","mpv"
"71","mvp"
"72","ncc"
"73","ndm"
"74","nea"
"75","nsf"
"76","oca"
"77","oit"
"78","olm"
"79","ory"
"80","oto"
"81","paf"
"82","peh"
"83","pfo"
"84","piz"
"85","plu"
"86","pnd"
"87","poh"
"88","ptt"
"89","qal"
"90","rok"
"91","rpr"
"92","rua"
"93","rul"
"94","rwe"
"95","sa1"
"96","sdl"
"97","soi"
"98","sov"
"99","suh"
"100","svr"
"101","sw1"
"102","swe"
"103","tca"
"104","teb"
"105","tek"
"106","tr6"
"107","txa"
"108","ucd"
"109","uer"
"110","uga"
"111","uhf"
"112","uxo"
"113","vws"
"114","weg"
"115","wpa"
"116","xet"
"117","xfo"
"118","xia"
"119","xkr"
"120","xl5"
"121","xxl"
"122","yoh"
"123","zer"
"124","zor"
"125","zou"
"126","abv"
"127","adc"
"128","aet"
"129","ahi"
"130","ald"
"131","alm"
"132","arv"
"133","asg"
"134","aso"
"135","awl"
"136","awm"
"137","bew"
"138","bil"
"139","bps"
"140","bsl"
"141","c12"
"142","cfa"
"143","cfp"
"144","cli"
"145","cm1"
"146","cpu"
"147","crs"
"148","cst"
"149","ctg"
"150","cun"
"151","dhu"
"152","dlf"
"153","dth"
"154","dyk"
"155","ebt"
"156","ece"
"157","efe"
"158","elt"
"159","emg"
"160","enw"
"161","eow"
"162","ert"
"163","eso"
"164","fim"
"165","fot"
"166","fss"
"167","fud"
"168","fue"
"169","gbr"
"170","gei"
"171","ges"
"172","gif"
"173","gim"
"174","gpa"
"175","gsm"
"176","hsi"
"177","htp"
"178","iam"
"179","ic1"
"180","iod"
"181","iqs"
"182","ita"
"183","jsr"
"184","jul"
"185","kap"
"186","kcc"
"187","kif"
"188","kor"
"189","kpc"
"190","kwu"
"191","kyd"
"192","lgc"
"193","lko"
"194","lla"
"195","lod"
"196","lox"
"197","m33"
"198","maf"
"199","mef"
"200","mmu"
"201","mrq"
"202","muc"
"203","nhk"
"204","nhw"
"205","npt"
"206","nrt"
"207","nsx"
"208","nue"
"209","nwa"
"210","oin"
"211","opl"
"212","ows"
"213","oyl"
"214","pbl"
"215","rs4"
"216","saj"
"217","scu"
"218","sek"
"219","siv"
"220","skp"
"221","smi"
"222","swn"
"223","syn"
"224","teg"
"225","teu"
"226","toc"
"227","tr2"
"228","uhl"
"229","uht"
"230","uhu"
"231","ulf"
"232","ulm"
"233","unt"
"234","upd"
"235","v&r"
"236","vax"
"237","vif"
"238","voc"
"239","w&h"
"240","waz"
"241","wfr"
"242","wra"
"243","xfr"
"244","xic"
"245","yir"
"246","yod"
"247","yol"
"248","zay"
"249","zib"
"250","zir"
"251","a47"
"252","adz"
"253","aea"
"254","afa"
"255","afp"
"256","ake"
"257","akg"
"258","aoc"
"259","apc"
"260","asr"
"261","asy"
"262","aup"
"263","aut"
"264","axo"
"265","ayy"
"266","b&h"
"267","bcn"
"268","bde"
"269","bgi"
"270","bgs"
"271","bmp"
"272","bpi"
"273","brn"
"274","bta"
"275","bts"
"276","cag"
"277","cdn"
"278","cgc"
"279","ch4"
"280","chy"
"281","ci5"
"282","cib"
"283","cie"
"284","ckk"
"285","clu"
"286","cpl"
"287","crz"
"288","ctc"
"289","dfb"
"290","dns"
"291","dru"
"292","dso"
"293","dst"
"294","dxb"
"295","e15"
"296","e17"
"297","egr"
"298","ehe"
"299","emb"
"300","erh"
"301","faz"
"302","fes"
"303","fiv"
"304","fli"
"305","foh"
"306","fpb"
"307","frg"
"308","fst"
"309","gdc"
"310","giv"
"311","gms"
"312","goe"
"313","gs4"
"314","gva"
"315","hcl"
"316","hia"
"317","hig"
"318","hih"
"319","hox"
"320","hpu"
"321","hqs"
"322","hst"
"323","hye"
"324","icb"
"325","iea"
"326","ino"
"327","irl"
"328","ito"
"329","iwa"
"330","iwc"
"331","jae"
"332","jik"
"333","jis"
"334","jiz"
"335","jml"
"336","k13"
"337","kau"
"338","kbt"
"339","keb"
"340","kha"
"341","kms"
"342","kts"
"343","kuk"
"344","kut"
"345","kwh"
"346","kya"
"347","lez"
"348","lfc"
"349","lst"
"350","lte"
"351","lyr"
"352","m13"
"353","m15"
"354","mec"
"355","mr2"
"356","mue"
"357","mys"
"358","nmc"
"359","nox"
"360","nuf"
"361","oir"
"362","oll"
"363","olu"
"364","ona"
"365","ori"
"366","orm"
"367","otc"
"368","ovo"
"369","p2g"
"370","pbt"
"371","pcp"
"372","phu"
"373","pif"
"374","pir"
"375","pse"
"376","pvm"
"377","qm2"
"378","qmc"
"379","qmv"
"380","qun"
"381","rei"
"382","rew"
"383","rgm"
"384","rif"
"385","rrt"
"386","rst"
"387","rvi"
"388","rwa"
"389","scd"
"390","scr"
"391","sdo"
"392","sga"
"393","sgc"
"394","shm"
"395","snn"
"396","srb"
"397","srn"
"398","sru"
"399","sw6"
"400","thn"
"401","tmf"
"402","tob"
"403","tts"
"404","uaf"
"405","udp"
"406","uig"
"407","uit"
"408","ume"
"409","uso"
"410","vaj"
"411","vam"
"412","vo2"
"413","vra"
"414","vvv"
"415","wcf"
"416","wib"
"417","wos"
"418","wrx"
"419","wyt"
"420","xtc"
"421","y&r"
"422","yim"
"423","ypf"
"424","yro"
"425","zaf"
"426","zod"
"427","zuo"
"428","zuz"
"429","a1m"
"430","a36"
"431","a39"
"432","a64"
"433","a65"
"434","a82"
"435","adb"
"436","adu"
"437","aem"
"438","agp"
"439","aic"
"440","aih"
"441","amb"
"442","aof"
"443","arj"
"444","ati"
"445","avy"
"446","awr"
"447","azt"
"448","bda"
"449","beo"
"450","bih"
"451","bmm"
"452","bpo"
"453","bpp"
"454","bsb"
"455","btb"
"456","byt"
"457","c10"
"458","c24"
"459","c2s"
"460","cae"
"461","cct"
"462","cec"
"463","cei"
"464","cen"
"465","cer"
"466","ceu"
"467","cgs"
"468","clg"
"469","cpt"
"470","csc"
"471","cwy"
"472","deu"
"473","dgh"
"474","dij"
"475","dmd"
"476","dmg"
"477","dmm"
"478","dmv"
"479","dmx"
"480","dwt"
"481","eak"
"482","ebg"
"483","ecl"
"484","edh"
"485","edp"
"486","efo"
"487","egm"
"488","esf"
"489","esi"
"490","esr"
"491","ety"
"492","evs"
"493","fdi"
"494","fic"
"495","fid"
"496","fih"
"497","frr"
"498","gaw"
"499","gbb"
"500","gbe"
"501","gdf"
"502","gek"
"503","gey"
"504","gho"
"505","gni"
"506","goy"
"507","gre"
"508","gue"
"509","gyd"
"510","hng"
"511","hra"
"512","iaa"
"513","iac"
"514","ibo"
"515","idb"
"516","idc"
"517","ify"
"518","igh"
"519","ikb"
"520","ilt"
"521","ipp"
"522","iro"
"523","jlz"
"524","jou"
"525","jua"
"526","k.j"
"527","klo"
"528","kpi"
"529","lb1"
"530","lch"
"531","lhb"
"532","lif"
"533","lnb"
"534","lnd"
"535","lsh"
"536","lvf"
"537","m16"
"538","m19"
"539","m65"
"540","md1"
"541","mdg"
"542","mev"
"543","mfo"
"544","mga"
"545","mip"
"546","mpd"
"547","mrk"
"548","mrt"
"549","msh"
"550","msr"
"551","myn"
"552","ndc"
"553","ndp"
"554","ndy"
"555","niv"
"556","niz"
"557","nmm"
"558","nof"
"559","nrg"
"560","oad"
"561","oag"
"562","oal"
"563","odi"
"564","ods"
"565","ogd"
"566","oig"
"567","oos"
"568","ota"
"569","oun"
"570","ovi"
"571","p&m"
"572","phh"
"573","pku"
"574","prb"
"575","ps2"
"576","pwa"
"577","pyo"
"578","qaa"
"579","qar"
"580","qom"
"581","rdf"
"582","req"
"583","rhy"
"584","riv"
"585","rld"
"586","rlg"
"587","rof"
"588","rpo"
"589","rry"
"590","ryo"
"591","rys"
"592","sdi"
"593","shr"
"594","shs"
"595","sib"
"596","sif"
"597","slp"
"598","so2"
"599","spg"
"600","sps"
"601","stn"
"602","swa"
"603","swr"
"604","tbg"
"605","thf"
"606","ths"
"607","tif"
"608","tpa"
"609","tr3"
"610","trf"
"611","trt"
"612","tto"
"613","tul"
"614","twr"
"615","twz"
"616","uds"
"617","uet"
"618","ufc"
"619","ugs"
"620","ulp"
"621","urs"
"622","urt"
"623","ury"
"624","usc"
"625","uxb"
"626","vga"
"627","vid"
"628","vod"
"629","vtr"
"630","wau"
"631","wls"
"632","wof"
"633","wrc"
"634","wrr"
"635","wsb"
"636","wtc"
"637","wth"
"638","wub"
"639","wyk"
"640","x12"
"641","yae"
"642","yik"
"643","yub"
"644","zmm"
"645","zon"
"646","a&s"
"647","a2b"
"648","a3m"
"649","a50"
"650","a60"
"651","a83"
"652","aam"
"653","aap"
"654","acr"
"655","aes"
"656","agi"
"657","aho"
"658","aji"
"659","aky"
"660","amt"
"661","amu"
"662","arn"
"663","asl"
"664","aum"
"665","avg"
"666","b29"
"667","blb"
"668","blg"
"669","bnl"
"670","bpr"
"671","brc"
"672","bry"
"673","bsh"
"674","bul"
"675","cdg"
"676","cem"
"677","cil"
"678","cmj"
"679","coa"
"680","cof"
"681","coh"
"682","cpk"
"683","cpz"
"684","crm"
"685","csm"
"686","ctd"
"687","d&c"
"688","db7"
"689","dfe"
"690","dft"
"691","dhe"
"692","dma"
"693","dnc"
"694","dnd"
"695","doy"
"696","dpc"
"697","dpf"
"698","dpg"
"699","dpl"
"700","dsh"
"701","duk"
"702","dv8"
"703","ebu"
"704","ecs"
"705","ecu"
"706","edy"
"707","eef"
"708","efg"
"709","ene"
"710","epo"
"711","erd"
"712","esw"
"713","eun"
"714","exp"
"715","eyl"
"716","eys"
"717","f50"
"718","fcc"
"719","ffs"
"720","fip"
"721","fld"
"722","fle"
"723","foz"
"724","frh"
"725","frt"
"726","fsu"
"727","ftc"
"728","fxx"
"729","g21"
"730","gbl"
"731","gbm"
"732","gbo"
"733","gef"
"734","gha"
"735","ghh"
"736","gkn"
"737","gld"
"738","gle"
"739","gng"
"740","gnr"
"741","gsn"
"742","gyr"
"743","h14"
"744","hc1"
"745","hcn"
"746","hez"
"747","hli"
"748","hmg"
"749","hrs"
"750","hs1"
"751","ibd"
"752","ico"
"753","icp"
"754","img"
"755","ipe"
"756","ipt"
"757","jcr"
"758","jop"
"759","jwt"
"760","kef"
"761","kfp"
"762","kgr"
"763","kna"
"764","koc"
"765","kov"
"766","krk"
"767","kua"
"768","laz"
"769","lbd"
"770","lcp"
"771","leh"
"772","lfa"
"773","lfs"
"774","lik"
"775","llo"
"776","m45"
"777","m69"
"778","mcd"
"779","mfv"
"780","mhm"
"781","mho"
"782","mik"
"783","mk2"
"784","mmt"
"785","mna"
"786","mnd"
"787","mns"
"788","moj"
"789","msa"
"790","msm"
"791","mst"
"792","mvv"
"793","nfa"
"794","nga"
"795","ngn"
"796","nh3"
"797","niu"
"798","nlp"
"799","nly"
"800","nop"
"801","nqt"
"802","nse"
"803","nua"
"804","nzb"
"805","oac"
"806","oer"
"807","ogh"
"808","ogo"
"809","ojs"
"810","omo"
"811","onn"
"812","opd"
"813","oth"
"814","p2s"
"815","pbj"
"816","pbz"
"817","pcm"
"818","pdp"
"819","pdq"
"820","peb"
"821","pht"
"822","pkd"
"823","pof"
"824","pok"
"825","prm"
"826","prt"
"827","psx"
"828","pto"
"829","pvv"
"830","qul"
"831","qup"
"832","rbr"
"833","rek"
"834","rff"
"835","rnb"
"836","rpf"
"837","rs5"
"838","rve"
"839","sfl"
"840","sft"
"841","sfx"
"842","siz"
"843","slk"
"844","slu"
"845","sng"
"846","sok"
"847","spd"
"848","spu"
"849","sra"
"850","srt"
"851","stc"
"852","sth"
"853","stl"
"854","sx4"
"855","sym"
"856","t44"
"857","tbc"
"858","tc1"
"859","tcb"
"860","tci"
"861","tew"
"862","tft"
"863","thp"
"864","tio"
"865","tix"
"866","tko"
"867","tnc"
"868","tr4"
"869","trb"
"870","trg"
"871","trk"
"872","tsc"
"873","tsd"
"874","tte"
"875","tvp"
"876","ub5"
"877","ubu"
"878","uca"
"879","ucp"
"880","ucs"
"881","ucu"
"882","udi"
"883","uen"
"884","ufa"
"885","uhr"
"886","ums"
"887","unk"
"888","urb"
"889","urk"
"890","utc"
"891","v5s"
"892","vh1"
"893","vkb"
"894","vma"
"895","vro"
"896","vsd"
"897","vuk"
"898","vur"
"899","waf"
"900","wbr"
"901","wik"
"902","wip"
"903","wnt"
"904","woi"
"905","wrt"
"906","wsh"
"907","wut"
"908","wwt"
"909","xav"
"910","xim"
"911","xj6"
"912","xlv"
"913","xps"
"914","xss"
"915","y2k"
"916","yef"
"917","yez"
"918","yfc"
"919","yof"
"920","yoy"
"921","yve"
"922","zal"
"923","zin"
"924","ziz"
"925","zob"
"926","zom"
"927","zrb"
"928","zyl"
"929","a&p"
"930","a15"
"931","a16"
"932","a17"
"933","a24"
"934","a26"
"935","a44"
"936","aad"
"937","abl"
"938","aek"
"939","agb"
"940","agc"
"941","ahl"
"942","ahm"
"943","ahn"
"944","aht"
"945","aif"
"946","aio"
"947","akt"
"948","alg"
"949","apl"
"950","apm"
"951","aru"
"952","asb"
"953","aub"
"954","aul"
"955","avb"
"956","ays"
"957","b26"
"958","b30"
"959","bba"
"960","bce"
"961","bch"
"962","bcs"
"963","bdm"
"964","bek"
"965","bhb"
"966","bij"
"967","bkk"
"968","bmf"
"969","bnb"
"970","brs"
"971","brt"
"972","bsn"
"973","bsp"
"974","btc"
"975","bux"
"976","bwv"
"977","bzp"
"978","c17"
"979","c1s"
"980","c2k"
"981","cca"
"982","cdo"
"983","cdt"
"984","cef"
"985","cf5"
"986","chc"
"987","chf"
"988","cht"
"989","cj1"
"990","cks"
"991","clc"
"992","clr"
"993","cls"
"994","cnc"
"995","coc"
"996","cqd"
"997","crt"
"998","css"
"999","cvc"
"1000","cym"
"1001","dbe"
"1002","dbl"
"1003","dca"
"1004","dcu"
"1005","ddo"
"1006","dfl"
"1007","dhi"
"1008","dht"
"1009","dng"
"1010","dpa"
"1011","duf"
"1012","duz"
"1013","dvr"
"1014","dyb"
"1015","e63"
"1016","eal"
"1017","eba"
"1018","ebe"
"1019","ebi"
"1020","ecd"
"1021","ecp"
"1022","eez"
"1023","efr"
"1024","egs"
"1025","eil"
"1026","eit"
"1027","emt"
"1028","eph"
"1029","erg"
"1030","erk"
"1031","esb"
"1032","etd"
"1033","exs"
"1034","eyo"
"1035","fao"
"1036","fdp"
"1037","feh"
"1038","fex"
"1039","flt"
"1040","frk"
"1041","frn"
"1042","fuf"
"1043","fyd"
"1044","gac"
"1045","gce"
"1046","gch"
"1047","gdz"
"1048","geb"
"1049","geg"
"1050","gft"
"1051","ghe"
"1052","gid"
"1053","grp"
"1054","gsh"
"1055","gsi"
"1056","guf"
"1057","gxl"
"1058","h&k"
"1059","hac"
"1060","hct"
"1061","hdl"
"1062","heg"
"1063","hiy"
"1064","hrp"
"1065","hta"
"1066","huu"
"1067","hwn"
"1068","iar"
"1069","ibc"
"1070","ibe"
"1071","ibi"
"1072","ibw"
"1073","ic3"
"1074","idp"
"1075","idy"
"1076","iep"
"1077","iff"
"1078","ifi"
"1079","ifr"
"1080","ign"
"1081","igy"
"1082","ihm"
"1083","iit"
"1084","ika"
"1085","iny"
"1086","iom"
"1087","iow"
"1088","ipr"
"1089","ips"
"1090","ird"
"1091","irz"
"1092","itb"
"1093","iui"
"1094","j&b"
"1095","j20"
"1096","jef"
"1097","jij"
"1098","jlb"
"1099","jme"
"1100","joh"
"1101","jov"
"1102","jpt"
"1103","jpy"
"1104","jue"
"1105","juf"
"1106","juj"
"1107","jxl"
"1108","k67"
"1109","kad"
"1110","keh"
"1111","kft"
"1112","kie"
"1113","kls"
"1114","kot"
"1115","kow"
"1116","kst"
"1117","l8r"
"1118","lak"
"1119","lct"
"1120","leu"
"1121","lke"
"1122","llp"
"1123","lmu"
"1124","lof"
"1125","lrt"
"1126","lsc"
"1127","lsz"
"1128","lul"
"1129","lur"
"1130","lvt"
"1131","lyf"
"1132","m53"
"1133","m55"
"1134","m66"
"1135","mbo"
"1136","mcb"
"1137","meb"
"1138","mfa"
"1139","mjs"
"1140","mme"
"1141","mtb"
"1142","mts"
"1143","mtu"
"1144","muj"
"1145","mvr"
"1146","naf"
"1147","ndr"
"1148","ndt"
"1149","nep"
"1150","nhp"
"1151","nih"
"1152","nlb"
"1153","nns"
"1154","npg"
"1155","npk"
"1156","nss"
"1157","nsw"
"1158","nw1"
"1159","nxt"
"1160","o28"
"1161","ocr"
"1162","ody"
"1163","ofg"
"1164","ois"
"1165","oiy"
"1166","oji"
"1167","olf"
"1168","osc"
"1169","owo"
"1170","owr"
"1171","oxx"
"1172","p1s"
"1173","pcb"
"1174","pex"
"1175","pfj"
"1176","pln"
"1177","pnb"
"1178","ppa"
"1179","ppt"
"1180","prd"
"1181","prn"
"1182","prp"
"1183","psj"
"1184","pti"
"1185","pue"
"1186","puk"
"1187","puw"
"1188","pwb"
"1189","pyy"
"1190","qat"
"1191","rbg"
"1192","rcc"
"1193","rch"
"1194","rcs"
"1195","rct"
"1196","rdo"
"1197","rgc"
"1198","rge"
"1199","rrs"
"1200","rtr"
"1201","rux"
"1202","rwf"
"1203","s&n"
"1204","s63"
"1205","sa9"
"1206","saa"
"1207","sce"
"1208","sch"
"1209","scn"
"1210","se1"
"1211","siw"
"1212","skr"
"1213","slc"
"1214","snh"
"1215","snt"
"1216","spe"
"1217","spm"
"1218","spp"
"1219","sqa"
"1220","srs"
"1221","ssx"
"1222","sug"
"1223","syr"
"1224","sze"
"1225","t42"
"1226","tbi"
"1227","tcn"
"1228","tey"
"1229","tgk"
"1230","thm"
"1231","tll"
"1232","tms"
"1233","tmz"
"1234","tpw"
"1235","trx"
"1236","tsg"
"1237","tsi"
"1238","tsu"
"1239","ttc"
"1240","tth"
"1241","tuz"
"1242","tve"
"1243","tws"
"1244","tww"
"1245","uaw"
"1246","ucb"
"1247","udm"
"1248","udo"
"1249","uep"
"1250","uks"
"1251","uld"
"1252","ulu"
"1253","unr"
"1254","upy"
"1255","ura"
"1256","urd"
"1257","usm"
"1258","usu"
"1259","utz"
"1260","uvk"
"1261","v&t"
"1262","v2s"
"1263","vae"
"1264","vav"
"1265","vep"
"1266","voz"
"1267","vpl"
"1268","vye"
"1269","w&r"
"1270","wab"
"1271","wc1"
"1272","wch"
"1273","wfl"
"1274","wif"
"1275","wod"
"1276","wou"
"1277","wpw"
"1278","wrd"
"1279","wum"
"1280","x10"
"1281","x30"
"1282","xao"
"1283","yax"
"1284","yba"
"1285","ydw"
"1286","yiz"
"1287","yng"
"1288","yuz"
"1289","zil"
"1290","zof"
"1291","zrh"
"1292","zzb"
"1293","a00"
"1294","a1a"
"1295","a22"
"1296","a25"
"1297","a2s"
"1298","a49"
"1299","a51"
"1300","a75"
"1301","a92"
"1302","a96"
"1303","abk"
"1304","abp"
"1305","aco"
"1306","acp"
"1307","acy"
"1308","adf"
"1309","adt"
"1310","aeb"
"1311","aei"
"1312","aej"
"1313","aeu"
"1314","alu"
"1315","anz"
"1316","aod"
"1317","aok"
"1318","asc"
"1319","asf"
"1320","asu"
"1321","aty"
"1322","atz"
"1323","auv"
"1324","auz"
"1325","avc"
"1326","avd"
"1327","awp"
"1328","b20"
"1329","b24"
"1330","b32"
"1331","bbs"
"1332","bci"
"1333","bcm"
"1334","bcp"
"1335","beb"
"1336","bfn"
"1337","bfs"
"1338","bhf"
"1339","bia"
"1340","bjs"
"1341","bka"
"1342","bms"
"1343","bpd"
"1344","brz"
"1345","bsd"
"1346","buf"
"1347","bvi"
"1348","bwe"
"1349","byp"
"1350","c&g"
"1351","c14"
"1352","c90"
"1353","cba"
"1354","cbr"
"1355","cbw"
"1356","cc1"
"1357","ccq"
"1358","ccw"
"1359","ccx"
"1360","cde"
"1361","cea"
"1362","cev"
"1363","cey"
"1364","cfe"
"1365","cfo"
"1366","chr"
"1367","cir"
"1368","cmv"
"1369","cpe"
"1370","cph"
"1371","crg"
"1372","cuc"
"1373","cvp"
"1374","cws"
"1375","cyr"
"1376","d16"
"1377","d3o"
"1378","db2"
"1379","db6"
"1380","dbo"
"1381","dc3"
"1382","dcc"
"1383","dch"
"1384","dcl"
"1385","ddb"
"1386","ddh"
"1387","ddr"
"1388","dej"
"1389","dgs"
"1390","dih"
"1391","dls"
"1392","dmz"
"1393","dof"
"1394","dox"
"1395","dpi"
"1396","dpr"
"1397","dsg"
"1398","dsr"
"1399","dsu"
"1400","dul"
"1401","dyn"
"1402","ebz"
"1403","ec4"
"1404","ecc"
"1405","efb"
"1406","efl"
"1407","ega"
"1408","eho"
"1409","eif"
"1410","eii"
"1411","elr"
"1412","eof"
"1413","epb"
"1414","epc"
"1415","erw"
"1416","esn"
"1417","esy"
"1418","eti"
"1419","eus"
"1420","ewm"
"1421","exc"
"1422","f.e"
"1423","f15"
"1424","f16"
"1425","fbu"
"1426","fca"
"1427","ffa"
"1428","ffi"
"1429","fft"
"1430","fik"
"1431","flg"
"1432","fln"
"1433","fmd"
"1434","fof"
"1435","frb"
"1436","fre"
"1437","frl"
"1438","frm"
"1439","frp"
"1440","fsd"
"1441","fso"
"1442","ftd"
"1443","fti"
"1444","ftl"
"1445","fub"
"1446","fuw"
"1447","fyw"
"1448","g&j"
"1449","g&s"
"1450","g12"
"1451","g13"
"1452","g14"
"1453","g50"
"1454","gbp"
"1455","gdh"
"1456","gec"
"1457","gfk"
"1458","glk"
"1459","glm"
"1460","gmo"
"1461","gnn"
"1462","gox"
"1463","gr8"
"1464","gru"
"1465","gsa"
"1466","gtx"
"1467","gwb"
"1468","gye"
"1469","h&h"
"1470","h&t"
"1471","h28"
"1472","hba"
"1473","hda"
"1474","hdr"
"1475","hfn"
"1476","hiz"
"1477","hla"
"1478","hls"
"1479","hnc"
"1480","hnh"
"1481","hoz"
"1482","hps"
"1483","hrd"
"1484","hrk"
"1485","hrn"
"1486","hsm"
"1487","hto"
"1488","htu"
"1489","hul"
"1490","i40"
"1491","i50"
"1492","i75"
"1493","ibg"
"1494","icj"
"1495","idd"
"1496","idg"
"1497","idh"
"1498","ifl"
"1499","ift"
"1500","iht"
"1501","iki"
"1502","ila"
"1503","iol"
"1504","ipg"
"1505","iry"
"1506","itg"
"1507","itp"
"1508","itz"
"1509","ivi"
"1510","ivp"
"1511","iwi"
"1512","iza"
"1513","jaa"
"1514","jat"
"1515","jav"
"1516","jct"
"1517","jdl"
"1518","jds"
"1519","jea"
"1520","jeh"
"1521","jep"
"1522","jj1"
"1523","jna"
"1524","jng"
"1525","jod"
"1526","jof"
"1527","jok"
"1528","jom"
"1529","jsb"
"1530","jup"
"1531","jur"
"1532","jux"
"1533","jvp"
"1534","k9s"
"1535","kaf"
"1536","kav"
"1537","kbe"
"1538","kbo"
"1539","kcb"
"1540","keo"
"1541","kho"
"1542","kly"
"1543","kmh"
"1544","kmr"
"1545","kpe"
"1546","kpr"
"1547","ksh"
"1548","kth"
"1549","kub"
"1550","kui"
"1551","kuz"
"1552","kws"
"1553","l&s"
"1554","l.a"
"1555","l34"
"1556","lba"
"1557","lgm"
"1558","lij"
"1559","lmc"
"1560","lmg"
"1561","lpr"
"1562","lsu"
"1563","m26"
"1564","m48"
"1565","m54"
"1566","m57"
"1567","m78"
"1568","m79"
"1569","m96"
"1570","m97"
"1571","mbc"
"1572","mcr"
"1573","mfl"
"1574","mg6"
"1575","mhz"
"1576","mi7"
"1577","mii"
"1578","mle"
"1579","mne"
"1580","mp5"
"1581","mre"
"1582","msb"
"1583","msi"
"1584","mta"
"1585","mul"
"1586","mut"
"1587","muv"
"1588","mva"
"1589","n11"
"1590","n15"
"1591","n18"
"1592","ncb"
"1593","nda"
"1594","nf6"
"1595","nfi"
"1596","nfr"
"1597","ngt"
"1598","nha"
"1599","nhm"
"1600","no2"
"1601","no5"
"1602","noy"
"1603","npl"
"1604","nrk"
"1605","nrn"
"1606","nst"
"1607","nta"
"1608","nto"
"1609","nyx"
"1610","oeo"
"1611","ofa"
"1612","oge"
"1613","ohe"
"1614","oie"
"1615","oim"
"1616","oio"
"1617","oip"
"1618","oja"
"1619","oly"
"1620","omi"
"1621","osg"
"1622","oso"
"1623","ote"
"1624","ouw"
"1625","oya"
"1626","p&p"
"1627","p.o"
"1628","p34"
"1629","p60"
"1630","pab"
"1631","pbi"
"1632","pcr"
"1633","pdl"
"1634","pek"
"1635","pfs"
"1636","ph7"
"1637","pih"
"1638","pjc"
"1639","pld"
"1640","plr"
"1641","pna"
"1642","png"
"1643","ppm"
"1644","prk"
"1645","psb"
"1646","psc"
"1647","psu"
"1648","ptg"
"1649","pwd"
"1650","pwr"
"1651","qds"
"1652","qet"
"1653","qip"
"1654","qra"
"1655","qss"
"1656","r&a"
"1657","r32"
"1658","rbc"
"1659","rdc"
"1660","rfd"
"1661","rha"
"1662","rii"
"1663","rir"
"1664","riw"
"1665","rls"
"1666","rma"
"1667","rmc"
"1668","rmi"
"1669","rnt"
"1670","rrf"
"1671","rs6"
"1672","rse"
"1673","rsh"
"1674","rtb"
"1675","rya"
"1676","ryu"
"1677","s1s"
"1678","sak"
"1679","sct"
"1680","sgs"
"1681","shd"
"1682","shq"
"1683","sjc"
"1684","ske"
"1685","sll"
"1686","smd"
"1687","smf"
"1688","sml"
"1689","snz"
"1690","spc"
"1691","squ"
"1692","srm"
"1693","ssn"
"1694","t11"
"1695","t13"
"1696","t16"
"1697","t54"
"1698","tba"
"1699","tbl"
"1700","tbs"
"1701","tcm"
"1702","tcr"
"1703","tcu"
"1704","tdk"
"1705","tef"
"1706","tez"
"1707","tfr"
"1708","tgs"
"1709","thb"
"1710","thd"
"1711","thv"
"1712","tkr"
"1713","tku"
"1714","tli"
"1715","tlk"
"1716","tlp"
"1717","tls"
"1718","tmx"
"1719","tn1"
"1720","tns"
"1721","tof"
"1722","toz"
"1723","trs"
"1724","tsp"
"1725","tst"
"1726","tta"
"1727","tud"
"1728","tva"
"1729","tvx"
"1730","twy"
"1731","tzs"
"1732","uct"
"1733","ude"
"1734","ugc"
"1735","uge"
"1736","ugt"
"1737","uik"
"1738","ukt"
"1739","ulv"
"1740","umi"
"1741","unp"
"1742","upo"
"1743","utk"
"1744","uuu"
"1745","v70"
"1746","vdp"
"1747","veb"
"1748","vib"
"1749","vij"
"1750","voa"
"1751","vok"
"1752","vrs"
"1753","vsp"
"1754","vuf"
"1755","vvd"
"1756","vvm"
"1757","vvs"
"1758","wbt"
"1759","wdc"
"1760","wdr"
"1761","wez"
"1762","wgd"
"1763","whd"
"1764","wiy"
"1765","wka"
"1766","wla"
"1767","wlt"
"1768","wlw"
"1769","wno"
"1770","woj"
"1771","wrp"
"1772","wsl"
"1773","wtb"
"1774","wug"
"1775","xgl"
"1776","yek"
"1777","yit"
"1778","yut"
"1779","yva"
"1780","z13"
"1781","zao"
"1782","zet"
"1783","zha"
"1784","zid"
"1785","zie"
"1786","ziv"
"1787","ztt"
"1788","zuk"
"1789","zwe"
"1790","a29"
"1791","a37"
"1792","a43"
"1793","a56"
"1794","a61"
"1795","a69"
"1796","a6m"
"1797","a70"
"1798","acm"
"1799","adh"
"1800","adj"
"1801","adl"
"1802","adm"
"1803","adx"
"1804","aee"
"1805","aef"
"1806","aeg"
"1807","afd"
"1808","afe"
"1809","afi"
"1810","afk"
"1811","afr"
"1812","agg"
"1813","agn"
"1814","agu"
"1815","aip"
"1816","akm"
"1817","alc"
"1818","alh"
"1819","alk"
"1820","aln"
"1821","alw"
"1822","amf"
"1823","amm"
"1824","aor"
"1825","aot"
"1826","apz"
"1827","aqe"
"1828","arb"
"1829","arz"
"1830","asv"
"1831","asx"
"1832","atc"
"1833","avs"
"1834","awf"
"1835","aws"
"1836","ayc"
"1837","azi"
"1838","azo"
"1839","azz"
"1840","b&c"
"1841","b&d"
"1842","b&e"
"1843","b1a"
"1844","b33"
"1845","b38"
"1846","b60"
"1847","b62"
"1848","b87"
"1849","b91"
"1850","b95"
"1851","bbt"
"1852","bdy"
"1853","bfc"
"1854","bfl"
"1855","bht"
"1856","bie"
"1857","bif"
"1858","bjd"
"1859","bmg"
"1860","bmq"
"1861","bmt"
"1862","bmu"
"1863","bmv"
"1864","bnh"
"1865","bnk"
"1866","bov"
"1867","bpc"
"1868","brg"
"1869","bsi"
"1870","bso"
"1871","bss"
"1872","btl"
"1873","btr"
"1874","btu"
"1875","buv"
"1876","bva"
"1877","bwd"
"1878","bwh"
"1879","bwu"
"1880","byl"
"1881","byn"
"1882","byw"
"1883","c+c"
"1884","c2c"
"1885","c30"
"1886","c33"
"1887","c63"
"1888","cak"
"1889","cax"
"1890","cbm"
"1891","cbo"
"1892","ccc"
"1893","cck"
"1894","ccp"
"1895","cdf"
"1896","cdm"
"1897","cdv"
"1898","ceb"
"1899","ced"
"1900","cfm"
"1901","cfs"
"1902","chs"
"1903","cik"
"1904","cip"
"1905","cki"
"1906","cma"
"1907","cml"
"1908","cmt"
"1909","cna"
"1910","cpc"
"1911","crd"
"1912","csd"
"1913","csg"
"1914","csj"
"1915","csu"
"1916","ct4"
"1917","ct6"
"1918","cta"
"1919","cui"
"1920","cwl"
"1921","cwn"
"1922","cye"
"1923","d&d"
"1924","d&s"
"1925","d&v"
"1926","db3"
"1927","db4"
"1928","dba"
"1929","dbg"
"1930","dcr"
"1931","ddl"
"1932","ddp"
"1933","ddz"
"1934","dfr"
"1935","dg8"
"1936","dho"
"1937","dhs"
"1938","djo"
"1939","dka"
"1940","dli"
"1941","dlu"
"1942","dmi"
"1943","dmt"
"1944","dr1"
"1945","drg"
"1946","drm"
"1947","drp"
"1948","drt"
"1949","ds5"
"1950","dsk"
"1951","dtb"
"1952","duv"
"1953","dva"
"1954","dwo"
"1955","dws"
"1956","dx3"
"1957","dxe"
"1958","dys"
"1959","e14"
"1960","e16"
"1961","e65"
"1962","eab"
"1963","eap"
"1964","eay"
"1965","ebd"
"1966","ebl"
"1967","ecr"
"1968","edb"
"1969","edc"
"1970","eeb"
"1971","eex"
"1972","ehb"
"1973","ehr"
"1974","eir"
"1975","eko"
"1976","elb"
"1977","elc"
"1978","eln"
"1979","emc"
"1980","enn"
"1981","eny"
"1982","enz"
"1983","epd"
"1984","epm"
"1985","erf"
"1986","ero"
"1987","eru"
"1988","esg"
"1989","esz"
"1990","etl"
"1991","etz"
"1992","eum"
"1993","evp"
"1994","exu"
"1995","eyy"
"1996","f&l"
"1997","f12"
"1998","f42"
"1999","fct"
"2000","fea"
"2001","fev"
"2002","ffe"
"2003","fhc"
"2004","fi4"
"2005","fkk"
"2006","fll"
"2007","fna"
"2008","foc"
"2009","fpc"
"2010","fps"
"2011","fpt"
"2012","frz"
"2013","fsc"
"2014","fsm"
"2015","fta"
"2016","fto"
"2017","ftr"
"2018","fts"
"2019","fup"
"2020","fus"
"2021","fvc"
"2022","fwa"
"2023","fwb"
"2024","fy2"
"2025","fyn"
"2026","fzz"
"2027","g&g"
"2028","g3s"
"2029","g45"
"2030","g52"
"2031","g77"
"2032","gaf"
"2033","gbn"
"2034","gcb"
"2035","gck"
"2036","gdn"
"2037","gfa"
"2038","gfe"
"2039","ggc"
"2040","ggs"
"2041","ghi"
"2042","gih"
"2043","giu"
"2044","glg"
"2045","glp"
"2046","glr"
"2047","glt"
"2048","gma"
"2049","gnh"
"2050","gp2"
"2051","gpi"
"2052","gpt"
"2053","gr4"
"2054","grm"
"2055","grs"
"2056","grt"
"2057","gry"
"2058","gsc"
"2059","gsp"
"2060","gsx"
"2061","gtb"
"2062","gth"
"2063","gud"
"2064","gug"
"2065","guz"
"2066","gza"
"2067","h3o"
"2068","haj"
"2069","hax"
"2070","hbc"
"2071","hbp"
"2072","hcv"
"2073","hfc"
"2074","hgp"
"2075","hhe"
"2076","hij"
"2077","hkg"
"2078","hmc"
"2079","hmj"
"2080","hmu"
"2081","hns"
"2082","ho3"
"2083","hpc"
"2084","hpe"
"2085","hpp"
"2086","hrb"
"2087","hrf"
"2088","hrm"
"2089","hru"
"2090","hrx"
"2091","hsb"
"2092","hss"
"2093","huc"
"2094","hux"
"2095","huy"
"2096","hvb"
"2097","hve"
"2098","hvp"
"2099","hvt"
"2100","hxf"
"2101","hys"
"2102","i10"
"2103","i54"
"2104","i5s"
"2105","ial"
"2106","iaw"
"2107","iax"
"2108","ibb"
"2109","ibl"
"2110","ic6"
"2111","icn"
"2112","icv"
"2113","ieb"
"2114","iec"
"2115","ieg"
"2116","iet"
"2117","iga"
"2118","igc"
"2119","ihi"
"2120","iia"
"2121","iin"
"2122","iip"
"2123","ijq"
"2124","imm"
"2125","imr"
"2126","imu"
"2127","imy"
"2128","inu"
"2129","iog"
"2130","ior"
"2131","ipd"
"2132","iri"
"2133","irt"
"2134","isg"
"2135","isr"
"2136","isu"
"2137","itf"
"2138","iti"
"2139","ivr"
"2140","ivu"
"2141","iww"
"2142","ixl"
"2143","izu"
"2144","j&j"
"2145","j&w"
"2146","j2o"
"2147","j50"
"2148","jaj"
"2149","jbg"
"2150","jda"
"2151","jey"
"2152","jho"
"2153","jil"
"2154","jir"
"2155","jiw"
"2156","jjf"
"2157","jjm"
"2158","jlc"
"2159","jlm"
"2160","jlp"
"2161","jnb"
"2162","jox"
"2163","jps"
"2164","jrs"
"2165","jsc"
"2166","jsf"
"2167","jst"
"2168","jti"
"2169","jto"
"2170","juu"
"2171","juz"
"2172","jzd"
"2173","k10"
"2174","k20"
"2175","k23"
"2176","k40"
"2177","k5u"
"2178","k9z"
"2179","kab"
"2180","kag"
"2181","kao"
"2182","kbs"
"2183","kcl"
"2184","kgc"
"2185","kib"
"2186","kig"
"2187","kik"
"2188","kil"
"2189","kix"
"2190","kmt"
"2191","knn"
"2192","kns"
"2193","knt"
"2194","koz"
"2195","kpt"
"2196","kro"
"2197","krp"
"2198","ksm"
"2199","ktt"
"2200","kud"
"2201","kue"
"2202","kul"
"2203","kyu"
"2204","l&c"
"2205","lbg"
"2206","lbv"
"2207","lcm"
"2208","lcn"
"2209","lcq"
"2210","lda"
"2211","lfr"
"2212","lgb"
"2213","lgs"
"2214","lgw"
"2215","lhe"
"2216","ljr"
"2217","lks"
"2218","lld"
"2219","llt"
"2220","llu"
"2221","llw"
"2222","lmb"
"2223","lme"
"2224","lmf"
"2225","lpd"
"2226","lpo"
"2227","lpt"
"2228","lrd"
"2229","lrk"
"2230","lrw"
"2231","ltv"
"2232","ltz"
"2233","luf"
"2234","luu"
"2235","lxx"
"2236","lym"
"2237","lz7"
"2238","m&e"
"2239","m&w"
"2240","m14"
"2241","m21"
"2242","m24"
"2243","m35"
"2244","m43"
"2245","m52"
"2246","m5s"
"2247","m67"
"2248","m90"
"2249","mav"
"2250","mce"
"2251","mch"
"2252","mcv"
"2253","mfg"
"2254","mgf"
"2255","mgg"
"2256","mgn"
"2257","mha"
"2258","mhk"
"2259","mi2"
"2260","mi3"
"2261","mif"
"2262","mjq"
"2263","mk1"
"2264","mk3"
"2265","mkb"
"2266","mlk"
"2267","mlm"
"2268","mlu"
"2269","mmb"
"2270","mmf"
"2271","mmp"
"2272","mmy"
"2273","mng"
"2274","mnh"
"2275","mno"
"2276","mok"
"2277","mrv"
"2278","mth"
"2279","mub"
"2280","muf"
"2281","mvc"
"2282","mx5"
"2283","mxn"
"2284","myi"
"2285","n&b"
"2286","n&n"
"2287","n2o"
"2288","n95"
"2289","nbf"
"2290","nbk"
"2291","nbl"
"2292","nbs"
"2293","nca"
"2294","ncr"
"2295","nff"
"2296","nlt"
"2297","nlz"
"2298","nmb"
"2299","nmr"
"2300","nno"
"2301","nnu"
"2302","np3"
"2303","nps"
"2304","nrb"
"2305","nrd"
"2306","nri"
"2307","nrm"
"2308","nrs"
"2309","nsh"
"2310","nsm"
"2311","nso"
"2312","nsu"
"2313","nt4"
"2314","ntl"
"2315","ntw"
"2316","nuu"
"2317","nw2"
"2318","nwt"
"2319","nxp"
"2320","nz1"
"2321","nzd"
"2322","oam"
"2323","obo"
"2324","obp"
"2325","obv"
"2326","ocb"
"2327","oce"
"2328","oco"
"2329","odp"
"2330","oel"
"2331","oem"
"2332","oey"
"2333","oez"
"2334","ofc"
"2335","ofn"
"2336","ofr"
"2337","ofy"
"2338","oga"
"2339","ogt"
"2340","ohi"
"2341","ohl"
"2342","ohp"
"2343","ohs"
"2344","oje"
"2345","oka"
"2346","okh"
"2347","okw"
"2348","olc"
"2349","ols"
"2350","omy"
"2351","onl"
"2352","oo7"
"2353","oob"
"2354","ooi"
"2355","opg"
"2356","opi"
"2357","orl"
"2358","orp"
"2359","osp"
"2360","otr"
"2361","oug"
"2362","ouz"
"2363","owd"
"2364","owf"
"2365","oyo"
"2366","ozy"
"2367","ozz"
"2368","p&l"
"2369","p02"
"2370","p38"
"2371","p40"
"2372","p47"
"2373","p7s"
"2374","paj"
"2375","paq"
"2376","pba"
"2377","pbd"
"2378","pci"
"2379","pdd"
"2380","pdi"
"2381","peo"
"2382","pfr"
"2383","pgc"
"2384","pgm"
"2385","pgs"
"2386","pib"
"2387","pij"
"2388","plf"
"2389","plg"
"2390","plz"
"2391","pmb"
"2392","pml"
"2393","po2"
"2394","poy"
"2395","ppf"
"2396","ppg"
"2397","ppr"
"2398","pqs"
"2399","prg"
"2400","ps1"
"2401","psg"
"2402","psm"
"2403","pso"
"2404","puz"
"2405","pvb"
"2406","pve"
"2407","pvi"
"2408","pvr"
"2409","pws"
"2410","pwy"
"2411","pyt"
"2412","pyx"
"2413","qan"
"2414","qas"
"2415","qbe"
"2416","qdm"
"2417","qee"
"2418","qei"
"2419","qis"
"2420","qnt"
"2421","qou"
"2422","qsh"
"2423","qtt"
"2424","qus"
"2425","r22"
"2426","rbi"
"2427","rbl"
"2428","rck"
"2429","rco"
"2430","rdp"
"2431","rdv"
"2432","rdx"
"2433","rdy"
"2434","re8"
"2435","rfk"
"2436","rh5"
"2437","rhc"
"2438","rhe"
"2439","rhn"
"2440","rmn"
"2441","roj"
"2442","rpe"
"2443","rps"
"2444","rsg"
"2445","rsv"
"2446","rti"
"2447","rur"
"2448","ruy"
"2449","s&g"
"2450","s&h"
"2451","s&j"
"2452","s65"
"2453","sbt"
"2454","scp"
"2455","scy"
"2456","sdt"
"2457","se4"
"2458","sfb"
"2459","sfp"
"2460","sgm"
"2461","sgp"
"2462","shg"
"2463","shp"
"2464","sht"
"2465","sjk"
"2466","skg"
"2467","sko"
"2468","sku"
"2469","sl2"
"2470","slt"
"2471","sm2"
"2472","smo"
"2473","snk"
"2474","snm"
"2475","snx"
"2476","sp3"
"2477","spn"
"2478","spo"
"2479","spw"
"2480","srk"
"2481","ssd"
"2482","ssl"
"2483","st1"
"2484","st3"
"2485","stf"
"2486","stg"
"2487","stm"
"2488","sv4"
"2489","svc"
"2490","svq"
"2491","sw3"
"2492","swm"
"2493","swv"
"2494","syc"
"2495","sys"
"2496","t12"
"2497","t34"
"2498","t38"
"2499","t62"
"2500","tbh"
"2501","tc6"
"2502","tda"
"2503","tff"
"2504","tfs"
"2505","tga"
"2506","tgf"
"2507","tgi"
"2508","tgp"
"2509","thg"
"2510","thl"
"2511","thz"
"2512","tid"
"2513","tij"
"2514","tkh"
"2515","tkk"
"2516","tkz"
"2517","tla"
"2518","tle"
"2519","tmd"
"2520","tnf"
"2521","toj"
"2522","tpo"
"2523","tr5"
"2524","trc"
"2525","ts1"
"2526","tsa"
"2527","ttp"
"2528","tuf"
"2529","tv1"
"2530","tv3"
"2531","tv4"
"2532","tvn"
"2533","twe"
"2534","twn"
"2535","txt"
"2536","tys"
"2537","tyw"
"2538","uan"
"2539","ubr"
"2540","uby"
"2541","uce"
"2542","ucm"
"2543","ucw"
"2544","udc"
"2545","udu"
"2546","ueg"
"2547","uex"
"2548","ufr"
"2549","ug2"
"2550","ugp"
"2551","uir"
"2552","ulz"
"2553","umb"
"2554","umo"
"2555","umt"
"2556","unf"
"2557","uoy"
"2558","upa"
"2559","upp"
"2560","usy"
"2561","usz"
"2562","uum"
"2563","uur"
"2564","uvs"
"2565","uyi"
"2566","vak"
"2567","vbs"
"2568","vct"
"2569","vdu"
"2570","vef"
"2571","vei"
"2572","vem"
"2573","vfm"
"2574","vfr"
"2575","vhe"
"2576","vmd"
"2577","vmo"
"2578","vnd"
"2579","vnn"
"2580","vps"
"2581","vrt"
"2582","vum"
"2583","w.c"
"2584","w14"
"2585","w15"
"2586","waj"
"2587","wc2"
"2588","wca"
"2589","wcs"
"2590","wct"
"2591","wdp"
"2592","wds"
"2593","wea"
"2594","wek"
"2595","wep"
"2596","weu"
"2597","wex"
"2598","wgc"
"2599","wgo"
"2600","wij"
"2601","wll"
"2602","wox"
"2603","wp2"
"2604","wqs"
"2605","wrg"
"2606","wro"
"2607","wrs"
"2608","wsc"
"2609","wsp"
"2610","wss"
"2611","wts"
"2612","wuf"
"2613","wul"
"2614","wus"
"2615","x54"
"2616","x97"
"2617","xas"
"2618","xei"
"2619","xem"
"2620","xen"
"2621","xfm"
"2622","xis"
"2623","xiu"
"2624","xjr"
"2625","xls"
"2626","xml"
"2627","xmm"
"2628","xon"
"2629","xr3"
"2630","xxi"
"2631","xxy"
"2632","xyl"
"2633","xzj"
"2634","y.e"
"2635","y15"
"2636","y18"
"2637","yag"
"2638","yal"
"2639","ycv"
"2640","ydd"
"2641","yeb"
"2642","yeu"
"2643","yif"
"2644","yih"
"2645","yld"
"2646","yle"
"2647","yll"
"2648","yna"
"2649","yok"
"2650","ysl"
"2651","yst"
"2652","ytv"
"2653","yuf"
"2654","yvo"
"2655","ywo"
"2656","yyy"
"2657","z06"
"2658","z14"
"2659","zas"
"2660","zec"
"2661","zfc"
"2662","zij"
"2663","zo6"
"2664","zop"
"2665","zsh"
"2666","zue"
"2667","zuu"
"2668","zzt"
"2669","zzy"
"2670","a&b"
"2671","a&j"
"2672","a&w"
"2673","a02"
"2674","a1s"
"2675","a28"
"2676","a32"
"2677","a42"
"2678","a5x"
"2679","a62"
"2680","a6s"
"2681","a73"
"2682","a74"
"2683","a77"
"2684","a85"
"2685","a87"
"2686","a89"
"2687","aa1"
"2688","aaj"
"2689","abj"
"2690","abw"
"2691","acd"
"2692","acv"
"2693","acw"
"2694","adv"
"2695","adw"
"2696","ae8"
"2697","aec"
"2698","aep"
"2699","aew"
"2700","aex"
"2701","afb"
"2702","afu"
"2703","afv"
"2704","afy"
"2705","agd"
"2706","agl"
"2707","agt"
"2708","agz"
"2709","ahd"
"2710","ahg"
"2711","ahp"
"2712","aik"
"2713","aiv"
"2714","aje"
"2715","ajg"
"2716","ajm"
"2717","aju"
"2718","ajy"
"2719","akh"
"2720","akl"
"2721","akp"
"2722","am1"
"2723","amk"
"2724","amn"
"2725","anb"
"2726","anq"
"2727","aoa"
"2728","apf"
"2729","apk"
"2730","apw"
"2731","aqi"
"2732","aqz"
"2733","asn"
"2734","at1"
"2735","atg"
"2736","atn"
"2737","atr"
"2738","auc"
"2739","auh"
"2740","auj"
"2741","auw"
"2742","av1"
"2743","avf"
"2744","avv"
"2745","awh"
"2746","awi"
"2747","awt"
"2748","awy"
"2749","axt"
"2750","ayi"
"2751","aza"
"2752","azn"
"2753","b&l"
"2754","b&m"
"2755","b&r"
"2756","b.o"
"2757","b.r"
"2758","b.v"
"2759","b14"
"2760","b15"
"2761","b18"
"2762","b1s"
"2763","b21"
"2764","b23"
"2765","b27"
"2766","b28"
"2767","b31"
"2768","b36"
"2769","b45"
"2770","b66"
"2771","b67"
"2772","b69"
"2773","b70"
"2774","b72"
"2775","b77"
"2776","b92"
"2777","b94"
"2778","b96"
"2779","bb1"
"2780","bb4"
"2781","bb5"
"2782","bbd"
"2783","bbe"
"2784","bbg"
"2785","bbj"
"2786","bbp"
"2787","bcf"
"2788","bcl"
"2789","bco"
"2790","bct"
"2791","bd2"
"2792","bd7"
"2793","bdb"
"2794","bdc"
"2795","bdv"
"2796","bfr"
"2797","bga"
"2798","bgb"
"2799","bgh"
"2800","bgm"
"2801","bgt"
"2802","bhg"
"2803","bhl"
"2804","bhq"
"2805","bii"
"2806","biv"
"2807","bj2"
"2808","bkr"
"2809","bl8"
"2810","bmb"
"2811","bmd"
"2812","bmo"
"2813","bmy"
"2814","bng"
"2815","bno"
"2816","bpb"
"2817","bpf"
"2818","bph"
"2819","bpj"
"2820","bpt"
"2821","brk"
"2822","brv"
"2823","bs1"
"2824","bsg"
"2825","bsw"
"2826","bsx"
"2827","bt8"
"2828","btf"
"2829","btg"
"2830","bth"
"2831","btv"
"2832","bua"
"2833","buc"
"2834","buz"
"2835","bvc"
"2836","bwp"
"2837","bws"
"2838","byo"
"2839","byy"
"2840","c&h"
"2841","c&n"
"2842","c&w"
"2843","c.e"
"2844","c15"
"2845","c3s"
"2846","c44"
"2847","c47"
"2848","c60"
"2849","caj"
"2850","ccf"
"2851","cco"
"2852","cda"
"2853","cdi"
"2854","cdl"
"2855","cew"
"2856","cfl"
"2857","cfr"
"2858","cgb"
"2859","cgd"
"2860","cgm"
"2861","chb"
"2862","chl"
"2863","chm"
"2864","chq"
"2865","chw"
"2866","cih"
"2867","cij"
"2868","cj7"
"2869","cji"
"2870","cjm"
"2871","cln"
"2872","clp"
"2873","cly"
"2874","cm2"
"2875","cmm"
"2876","cmo"
"2877","cmp"
"2878","cmu"
"2879","cni"
"2880","cnl"
"2881","cp3"
"2882","cpd"
"2883","cpm"
"2884","cpn"
"2885","cqa"
"2886","cr7"
"2887","crf"
"2888","crw"
"2889","csh"
"2890","csk"
"2891","csp"
"2892","csv"
"2893","ct2"
"2894","cto"
"2895","ctv"
"2896","cua"
"2897","cuo"
"2898","cuv"
"2899","cv3"
"2900","cvi"
"2901","cvt"
"2902","cvv"
"2903","cwg"
"2904","cwo"
"2905","cxt"
"2906","cys"
"2907","cyt"
"2908","d&g"
"2909","d&l"
"2910","d&r"
"2911","d.c"
"2912","d10"
"2913","d12"
"2914","d14"
"2915","d2o"
"2916","d2s"
"2917","d30"
"2918","d35"
"2919","d3a"
"2920","d45"
"2921","d94"
"2922","da7"
"2923","db8"
"2924","dbh"
"2925","dby"
"2926","dck"
"2927","dco"
"2928","dde"
"2929","ddg"
"2930","ddi"
"2931","ddm"
"2932","ddy"
"2933","dga"
"2934","dgc"
"2935","dgn"
"2936","dgv"
"2937","dh9"
"2938","dhm"
"2939","diw"
"2940","dj3"
"2941","dja"
"2942","djd"
"2943","djm"
"2944","dkw"
"2945","dl4"
"2946","dlg"
"2947","dlj"
"2948","dlk"
"2949","dlm"
"2950","dlo"
"2951","dlp"
"2952","dlv"
"2953","dlx"
"2954","dly"
"2955","dlz"
"2956","dmb"
"2957","dmk"
"2958","dmo"
"2959","dmp"
"2960","do0"
"2961","doj"
"2962","dok"
"2963","dpb"
"2964","dpe"
"2965","drk"
"2966","drn"
"2967","ds4"
"2968","dse"
"2969","dsl"
"2970","dsn"
"2971","dta"
"2972","dtg"
"2973","dtn"
"2974","dtp"
"2975","dtt"
"2976","dtv"
"2977","duj"
"2978","duq"
"2979","dv5"
"2980","dv6"
"2981","dvc"
"2982","dve"
"2983","dvi"
"2984","dvl"
"2985","dvp"
"2986","dvs"
"2987","dvu"
"2988","dvv"
"2989","dwa"
"2990","dwg"
"2991","dwu"
"2992","dwy"
"2993","dy1"
"2994","dyi"
"2995","dym"
"2996","dzo"
"2997","e.e"
"2998","e10"
"2999","e12"
"3000","e18"
"3001","e28"
"3002","e29"
"3003","e3g"
"3004","e45"
"3005","e8s"
"3006","e91"
"3007","eaa"
"3008","eac"
"3009","eae"
"3010","eaj"
"3011","eav"
"3012","ebf"
"3013","eby"
"3014","ec2"
"3015","edn"
"3016","edt"
"3017","edw"
"3018","eei"
"3019","eej"
"3020","eeu"
"3021","efm"
"3022","efs"
"3023","egu"
"3024","ehs"
"3025","eht"
"3026","eic"
"3027","eie"
"3028","eij"
"3029","eio"
"3030","eiu"
"3031","eja"
"3032","eka"
"3033","eky"
"3034","elv"
"3035","em4"
"3036","emd"
"3037","emj"
"3038","eml"
"3039","en3"
"3040","enr"
"3041","eob"
"3042","eom"
"3043","eor"
"3044","epg"
"3045","epj"
"3046","epl"
"3047","epy"
"3048","eqi"
"3049","eqs"
"3050","erc"
"3051","eri"
"3052","erl"
"3053","esc"
"3054","etu"
"3055","etx"
"3056","eug"
"3057","euu"
"3058","euv"
"3059","evn"
"3060","evv"
"3061","evz"
"3062","ewd"
"3063","ews"
"3064","ex1"
"3065","exa"
"3066","exr"
"3067","exy"
"3068","eyt"
"3069","ezc"
"3070","ezz"
"3071","f&c"
"3072","f.w"
"3073","f10"
"3074","f11"
"3075","f22"
"3076","f35"
"3077","f3s"
"3078","f47"
"3079","f4s"
"3080","f63"
"3081","f80"
"3082","f9f"
"3083","faq"
"3084","fb1"
"3085","fbb"
"3086","fbg"
"3087","fbj"
"3088","fbt"
"3089","fc1"
"3090","fcg"
"3091","fci"
"3092","fcs"
"3093","fcx"
"3094","fdc"
"3095","fdg"
"3096","fec"
"3097","fef"
"3098","feg"
"3099","feo"
"3100","fep"
"3101","ff1"
"3102","ff2"
"3103","ff4"
"3104","ff5"
"3105","ffc"
"3106","ffl"
"3107","fgs"
"3108","fgt"
"3109","fiu"
"3110","fja"
"3111","flb"
"3112","flh"
"3113","flm"
"3114","flr"
"3115","fls"
"3116","flz"
"3117","fma"
"3118","fmb"
"3119","fme"
"3120","fmi"
"3121","fmr"
"3122","fnb"
"3123","fny"
"3124","fok"
"3125","fov"
"3126","fpg"
"3127","fpi"
"3128","fpu"
"3129","frf"
"3130","frv"
"3131","fsg"
"3132","fsk"
"3133","fuc"
"3134","fui"
"3135","fuk"
"3136","fve"
"3137","fwi"
"3138","fys"
"3139","g&c"
"3140","g10"
"3141","g36"
"3142","g43"
"3143","g4m"
"3144","g5s"
"3145","g67"
"3146","g73"
"3147","g78"
"3148","g99"
"3149","gaj"
"3150","gau"
"3151","gb3"
"3152","gba"
"3153","gbc"
"3154","gbz"
"3155","gcn"
"3156","gco"
"3157","gdq"
"3158","gds"
"3159","gdy"
"3160","gep"
"3161","gf2"
"3162","gfc"
"3163","gfd"
"3164","gff"
"3165","gfh"
"3166","gfm"
"3167","gfp"
"3168","gfs"
"3169","gfu"
"3170","gfx"
"3171","ggt"
"3172","ghu"
"3173","gic"
"3174","gik"
"3175","gk2"
"3176","glf"
"3177","glq"
"3178","glu"
"3179","glx"
"3180","gmg"
"3181","gmi"
"3182","gmy"
"3183","gnd"
"3184","gns"
"3185","goc"
"3186","goj"
"3187","gpc"
"3188","gpd"
"3189","gpn"
"3190","gpu"
"3191","gr9"
"3192","grg"
"3193","grl"
"3194","grn"
"3195","gs2"
"3196","gso"
"3197","gsw"
"3198","gtm"
"3199","gtp"
"3200","gua"
"3201","gvs"
"3202","gwa"
"3203","gwm"
"3204","gwn"
"3205","gwt"
"3206","gxh"
"3207","gyn"
"3208","gys"
"3209","gzy"
"3210","h&a"
"3211","h&r"
"3212","h01"
"3213","h04"
"3214","h0d"
"3215","h2s"
"3216","h74"
"3217","ha1"
"3218","hbf"
"3219","hbg"
"3220","hbt"
"3221","hcc"
"3222","hco"
"3223","hcr"
"3224","hd3"
"3225","hdh"
"3226","hdi"
"3227","hds"
"3228","hdv"
"3229","heq"
"3230","heu"
"3231","hff"
"3232","hfl"
"3233","hfp"
"3234","hfr"
"3235","hfs"
"3236","hga"
"3237","hgb"
"3238","hgc"
"3239","hgh"
"3240","hgt"
"3241","hha"
"3242","hhd"
"3243","hhm"
"3244","hhs"
"3245","hhu"
"3246","hi1"
"3247","hif"
"3248","hil"
"3249","hio"
"3250","hkj"
"3251","hkq"
"3252","hkx"
"3253","hl7"
"3254","hlb"
"3255","hlf"
"3256","hmt"
"3257","hmz"
"3258","hpb"
"3259","hpf"
"3260","hpr"
"3261","hpt"
"3262","hq7"
"3263","hrc"
"3264","hrl"
"3265","hrv"
"3266","hsa"
"3267","hsc"
"3268","hsd"
"3269","hsp"
"3270","hsu"
"3271","htm"
"3272","htr"
"3273","huf"
"3274","huj"
"3275","huk"
"3276","hwv"
"3277","hwy"
"3278","hx5"
"3279","hx7"
"3280","hxs"
"3281","hxx"
"3282","hym"
"3283","hyn"
"3284","hyo"
"3285","i&d"
"3286","i.a"
"3287","i76"
"3288","iab"
"3289","iah"
"3290","iai"
"3291","ias"
"3292","iat"
"3293","iau"
"3294","ibr"
"3295","ibt"
"3296","ic5"
"3297","icl"
"3298","idr"
"3299","idu"
"3300","idv"
"3301","iei"
"3302","iek"
"3303","ieo"
"3304","iex"
"3305","iez"
"3306","ifd"
"3307","ifg"
"3308","ifm"
"3309","ifo"
"3310","ifp"
"3311","igt"
"3312","iha"
"3313","ihc"
"3314","ihd"
"3315","ihe"
"3316","iif"
"3317","iir"
"3318","iis"
"3319","iiv"
"3320","iiz"
"3321","ije"
"3322","ikr"
"3323","ili"
"3324","ilm"
"3325","ilp"
"3326","imb"
"3327","imd"
"3328","imj"
"3329","imt"
"3330","imw"
"3331","inf"
"3332","inj"
"3333","inl"
"3334","inp"
"3335","iof"
"3336","iok"
"3337","ip3"
"3338","ipb"
"3339","ipf"
"3340","ipi"
"3341","ipj"
"3342","ir3"
"3343","ir6"
"3344","irm"
"3345","irp"
"3346","iru"
"3347","isf"
"3348","isq"
"3349","it1"
"3350","iua"
"3351","iue"
"3352","iun"
"3353","ivg"
"3354","ivm"
"3355","ivt"
"3356","ivv"
"3357","ize"
"3358","izy"
"3359","j&a"
"3360","j&p"
"3361","j06"
"3362","j2k"
"3363","j54"
"3364","jbb"
"3365","jbm"
"3366","jca"
"3367","jcf"
"3368","jcm"
"3369","jdg"
"3370","jei"
"3371","jfs"
"3372","jft"
"3373","jfx"
"3374","jgo"
"3375","jgs"
"3376","jgw"
"3377","jhs"
"3378","jih"
"3379","jiv"
"3380","jjs"
"3381","jkl"
"3382","jks"
"3383","jl5"
"3384","jld"
"3385","jle"
"3386","jlv"
"3387","jlx"
"3388","jly"
"3389","jmc"
"3390","jmd"
"3391","jmp"
"3392","jmx"
"3393","jns"
"3394","jny"
"3395","joc"
"3396","joi"
"3397","joj"
"3398","joz"
"3399","jpc"
"3400","jpg"
"3401","jrf"
"3402","jro"
"3403","jsh"
"3404","jso"
"3405","jtf"
"3406","jtp"
"3407","jts"
"3408","jvl"
"3409","jwa"
"3410","jwm"
"3411","jxz"
"3412","jyu"
"3413","jyy"
"3414","k&e"
"3415","k12"
"3416","k18"
"3417","k19"
"3418","k31"
"3419","k98"
"3420","ka2"
"3421","kac"
"3422","kbg"
"3423","kbz"
"3424","kck"
"3425","kdc"
"3426","kdf"
"3427","kdp"
"3428","kdz"
"3429","kfg"
"3430","kfr"
"3431","kfw"
"3432","kfy"
"3433","kgm"
"3434","kic"
"3435","kij"
"3436","kiv"
"3437","kkr"
"3438","kkw"
"3439","kl7"
"3440","kld"
"3441","kli"
"3442","klp"
"3443","knm"
"3444","knp"
"3445","koa"
"3446","koe"
"3447","kof"
"3448","koj"
"3449","kou"
"3450","koy"
"3451","kpd"
"3452","kpg"
"3453","kpp"
"3454","kps"
"3455","kpw"
"3456","kra"
"3457","kre"
"3458","krh"
"3459","krm"
"3460","krn"
"3461","krs"
"3462","ksl"
"3463","ksr"
"3464","ktb"
"3465","ktn"
"3466","kto"
"3467","ktv"
"3468","kuc"
"3469","kuy"
"3470","kv5"
"3471","kve"
"3472","kvi"
"3473","kwd"
"3474","kwo"
"3475","l10"
"3476","l13"
"3477","l17"
"3478","laf"
"3479","laj"
"3480","lbh"
"3481","lbn"
"3482","lbo"
"3483","lbx"
"3484","lc1"
"3485","lc2"
"3486","lca"
"3487","lcb"
"3488","lci"
"3489","lcs"
"3490","ld6"
"3491","ldc"
"3492","ldh"
"3493","ldi"
"3494","le5"
"3495","le6"
"3496","lfb"
"3497","lfd"
"3498","lff"
"3499","lfn"
"3500","lg1"
"3501","lg2"
"3502","lg3"
"3503","lgf"
"3504","lgg"
"3505","lgt"
"3506","lgz"
"3507","lhd"
"3508","lhr"
"3509","lii"
"3510","lio"
"3511","liq"
"3512","ljl"
"3513","lka"
"3514","llc"
"3515","llf"
"3516","lli"
"3517","lmw"
"3518","lnp"
"3519","lns"
"3520","lnt"
"3521","loh"
"3522","lpa"
"3523","lpn"
"3524","lpu"
"3525","lpv"
"3526","lrc"
"3527","lri"
"3528","lrm"
"3529","lro"
"3530","lrv"
"3531","ls7"
"3532","lsa"
"3533","lsw"
"3534","lt1"
"3535","ltf"
"3536","lti"
"3537","ltn"
"3538","ltt"
"3539","lty"
"3540","luk"
"3541","lup"
"3542","luy"
"3543","lvb"
"3544","lve"
"3545","lwc"
"3546","lxc"
"3547","lya"
"3548","lyo"
"3549","lz6"
"3550","m&n"
"3551","m17"
"3552","m22"
"3553","m29"
"3554","m38"
"3555","m39"
"3556","m3p"
"3557","m3s"
"3558","m44"
"3559","m46"
"3560","m49"
"3561","m58"
"3562","m61"
"3563","m70"
"3564","m87"
"3565","mcl"
"3566","mco"
"3567","mcq"
"3568","mcw"
"3569","mda"
"3570","mde"
"3571","mdm"
"3572","mdp"
"3573","me1"
"3574","mff"
"3575","mfs"
"3576","mgo"
"3577","mgp"
"3578","mgt"
"3579","mgv"
"3580","mhf"
"3581","mhj"
"3582","mhs"
"3583","mht"
"3584","mi4"
"3585","mi8"
"3586","mjb"
"3587","mjm"
"3588","mjo"
"3589","mjp"
"3590","mjw"
"3591","mk5"
"3592","mki"
"3593","mkm"
"3594","mks"
"3595","mlb"
"3596","mld"
"3597","mlf"
"3598","mll"
"3599","mlr"
"3600","mlt"
"3601","mmi"
"3602","mmo"
"3603","mmx"
"3604","mnb"
"3605","mni"
"3606","mnn"
"3607","moc"
"3608","mpe"
"3609","mpi"
"3610","mpl"
"3611","mpt"
"3612","mqs"
"3613","mra"
"3614","mrb"
"3615","mrf"
"3616","mrg"
"3617","mrr"
"3618","mrz"
"3619","msd"
"3620","mse"
"3621","mss"
"3622","mtc"
"3623","mtd"
"3624","mti"
"3625","mtl"
"3626","mto"
"3627","mtp"
"3628","mtr"
"3629","mux"
"3630","mws"
"3631","mwy"
"3632","mxe"
"3633","mxr"
"3634","mye"
"3635","myo"
"3636","n&h"
"3637","n10"
"3638","n13"
"3639","n16"
"3640","n17"
"3641","n19"
"3642","n20"
"3643","n23"
"3644","n24"
"3645","n30"
"3646","n64"
"3647","n96"
"3648","nbi"
"3649","nbn"
"3650","nbr"
"3651","ncv"
"3652","ncz"
"3653","ndf"
"3654","ndl"
"3655","ndn"
"3656","ndo"
"3657","ndz"
"3658","nej"
"3659","nfh"
"3660","nfk"
"3661","nft"
"3662","ng5"
"3663","nge"
"3664","ngp"
"3665","ngz"
"3666","nh2"
"3667","nhf"
"3668","nhi"
"3669","nij"
"3670","niw"
"3671","nje"
"3672","njp"
"3673","nka"
"3674","nkd"
"3675","nkk"
"3676","nkt"
"3677","nlc"
"3678","nlg"
"3679","nls"
"3680","nmw"
"3681","nnd"
"3682","nne"
"3683","nnm"
"3684","nnw"
"3685","no3"
"3686","no4"
"3687","no7"
"3688","noa"
"3689","np8"
"3690","npa"
"3691","npc"
"3692","npi"
"3693","npp"
"3694","nqa"
"3695","nr7"
"3696","nrc"
"3697","nro"
"3698","nrw"
"3699","nrz"
"3700","ntb"
"3701","ntd"
"3702","nuc"
"3703","nuo"
"3704","nux"
"3705","nvp"
"3706","nw3"
"3707","nwr"
"3708","nwz"
"3709","nyn"
"3710","nz6"
"3711","o&g"
"3712","o.n"
"3713","o0h"
"3714","o13"
"3715","o30"
"3716","o37"
"3717","oab"
"3718","oae"
"3719","obc"
"3720","obg"
"3721","obt"
"3722","occ"
"3723","ocf"
"3724","ocn"
"3725","ocs"
"3726","odb"
"3727","oep"
"3728","oeu"
"3729","ofb"
"3730","ofe"
"3731","ofl"
"3732","ofo"
"3733","ogi"
"3734","ogp"
"3735","ogs"
"3736","ogy"
"3737","oh1"
"3738","ohr"
"3739","oic"
"3740","oif"
"3741","okc"
"3742","oko"
"3743","oks"
"3744","oku"
"3745","oky"
"3746","olo"
"3747","olt"
"3748","olv"
"3749","oma"
"3750","omb"
"3751","omt"
"3752","onh"
"3753","onm"
"3754","onw"
"3755","oo1"
"3756","ooa"
"3757","oou"
"3758","ooz"
"3759","opc"
"3760","opm"
"3761","or2"
"3762","orh"
"3763","os7"
"3764","otd"
"3765","oti"
"3766","otl"
"3767","otu"
"3768","otv"
"3769","otz"
"3770","oub"
"3771","oum"
"3772","ovr"
"3773","oyr"
"3774","oys"
"3775","oyy"
"3776","ozu"
"3777","p&a"
"3778","p&t"
"3779","p.e"
"3780","p00"
"3781","p10"
"3782","p15"
"3783","p17"
"3784","p20"
"3785","p37"
"3786","p3s"
"3787","p5p"
"3788","p94"
"3789","pa7"
"3790","pae"
"3791","pb3"
"3792","pbc"
"3793","pbk"
"3794","pbp"
"3795","pco"
"3796","pcv"
"3797","pcy"
"3798","pdg"
"3799","pdm"
"3800","pdt"
"3801","pef"
"3802","pej"
"3803","pev"
"3804","pfd"
"3805","pfg"
"3806","pfl"
"3807","pfp"
"3808","pgg"
"3809","pgl"
"3810","pgo"
"3811","pgp"
"3812","pgt"
"3813","ph1"
"3814","ph2"
"3815","ph8"
"3816","phl"
"3817","php"
"3818","phs"
"3819","phv"
"3820","phy"
"3821","piv"
"3822","pjr"
"3823","pkf"
"3824","pkm"
"3825","pks"
"3826","pll"
"3827","plt"
"3828","pmf"
"3829","pmg"
"3830","pmr"
"3831","pph"
"3832","ppu"
"3833","ppv"
"3834","ppy"
"3835","prc"
"3836","prl"
"3837","ps9"
"3838","psd"
"3839","psl"
"3840","psn"
"3841","psr"
"3842","ptd"
"3843","pte"
"3844","ptk"
"3845","ptm"
"3846","ptv"
"3847","pua"
"3848","puc"
"3849","puf"
"3850","pvl"
"3851","pvp"
"3852","pvq"
"3853","pvs"
"3854","pvt"
"3855","pwe"
"3856","pwf"
"3857","pwl"
"3858","pwp"
"3859","pxv"
"3860","pyg"
"3861","pyi"
"3862","pzz"
"3863","q10"
"3864","q36"
"3865","qb1"
"3866","qca"
"3867","qcd"
"3868","qcf"
"3869","qcq"
"3870","qct"
"3871","qe1"
"3872","qe3"
"3873","qek"
"3874","qer"
"3875","qev"
"3876","qfc"
"3877","qgm"
"3878","qh4"
"3879","qil"
"3880","qim"
"3881","qlf"
"3882","qlm"
"3883","qlr"
"3884","qls"
"3885","qns"
"3886","qnx"
"3887","qoe"
"3888","qon"
"3889","qop"
"3890","qor"
"3891","qrs"
"3892","qub"
"3893","qut"
"3894","quu"
"3895","qux"
"3896","quy"
"3897","qvm"
"3898","r&j"
"3899","r&s"
"3900","r&w"
"3901","r.n"
"3902","r16"
"3903","r1a"
"3904","r27"
"3905","r44"
"3906","r71"
"3907","r80"
"3908","r97"
"3909","rak"
"3910","rau"
"3911","rb5"
"3912","rbt"
"3913","rbw"
"3914","rby"
"3915","rcr"
"3916","rcz"
"3917","rdb"
"3918","rde"
"3919","rdz"
"3920","rf1"
"3921","rfa"
"3922","rfn"
"3923","rft"
"3924","rg2"
"3925","rga"
"3926","rgd"
"3927","rgn"
"3928","rgu"
"3929","rhd"
"3930","rhm"
"3931","rhv"
"3932","rih"
"3933","rjh"
"3934","rka"
"3935","rks"
"3936","rlc"
"3937","rli"
"3938","rln"
"3939","rlt"
"3940","rlz"
"3941","rmr"
"3942","rmy"
"3943","rnd"
"3944","rnh"
"3945","rnk"
"3946","rnl"
"3947","rnr"
"3948","rns"
"3949","rol"
"3950","rpb"
"3951","rpc"
"3952","rpd"
"3953","rpl"
"3954","rpp"
"3955","rpt"
"3956","rpw"
"3957","rqp"
"3958","rrd"
"3959","rrg"
"3960","rrn"
"3961","rro"
"3962","rrz"
"3963","rsf"
"3964","rsl"
"3965","rsn"
"3966","rsp"
"3967","rsr"
"3968","rt5"
"3969","rty"
"3970","rtz"
"3971","ruk"
"3972","ruq"
"3973","rvl"
"3974","rvp"
"3975","rvw"
"3976","rwb"
"3977","rws"
"3978","rwz"
"3979","ryf"
"3980","ryk"
"3981","ryl"
"3982","ryw"
"3983","rza"
"3984","s&a"
"3985","s.r"
"3986","s04"
"3987","s10"
"3988","s12"
"3989","s28"
"3990","s35"
"3991","s42"
"3992","s4g"
"3993","s51"
"3994","s60"
"3995","s62"
"3996","s66"
"3997","s6b"
"3998","s79"
"3999","s90"
"4000","sa2"
"4001","sb6"
"4002","sba"
"4003","sbc"
"4004","sbd"
"4005","sbi"
"4006","sbk"
"4007","sbu"
"4008","sbv"
"4009","sc1"
"4010","sc4"
"4011","scg"
"4012","sck"
"4013","scv"
"4014","scw"
"4015","sdb"
"4016","sdc"
"4017","sdf"
"4018","sdk"
"4019","sdw"
"4020","se5"
"4021","sfe"
"4022","sfr"
"4023","sfs"
"4024","sfu"
"4025","sgb"
"4026","sgd"
"4027","sgh"
"4028","sgx"
"4029","shl"
"4030","sik"
"4031","siy"
"4032","sj5"
"4033","sjn"
"4034","sjr"
"4035","sk1"
"4036","sk2"
"4037","sk3"
"4038","sk4"
"4039","skt"
"4040","skx"
"4041","sl1"
"4042","sl4"
"4043","sl7"
"4044","sld"
"4045","slf"
"4046","smg"
"4047","smk"
"4048","smm"
"4049","smr"
"4050","smu"
"4051","smy"
"4052","snf"
"4053","sny"
"4054","so4"
"4055","so6"
"4056","sp1"
"4057","spb"
"4058","sph"
"4059","sql"
"4060","sqv"
"4061","sre"
"4062","srg"
"4063","srl"
"4064","sro"
"4065","srp"
"4066","srz"
"4067","ssm"
"4068","ssu"
"4069","ssz"
"4070","stk"
"4071","stt"
"4072","stz"
"4073","suc"
"4074","suq"
"4075","suw"
"4076","sv8"
"4077","svs"
"4078","sw2"
"4079","sw9"
"4080","swb"
"4081","swc"
"4082","swg"
"4083","swo"
"4084","swu"
"4085","sx1"
"4086","sxt"
"4087","sy3"
"4088","sya"
"4089","syb"
"4090","sye"
"4091","syh"
"4092","syt"
"4093","t&c"
"4094","t&g"
"4095","t&r"
"4096","t10"
"4097","t17"
"4098","t26"
"4099","t37"
"4100","t43"
"4101","t46"
"4102","t49"
"4103","t53"
"4104","t5s"
"4105","t65"
"4106","t68"
"4107","t70"
"4108","ta5"
"4109","tav"
"4110","tbj"
"4111","tbm"
"4112","tbo"
"4113","tbr"
"4114","tbt"
"4115","tc2"
"4116","tc4"
"4117","tc5"
"4118","tc8"
"4119","tck"
"4120","tco"
"4121","tdg"
"4122","tdm"
"4123","tdr"
"4124","tdt"
"4125","teq"
"4126","tfa"
"4127","tfg"
"4128","tfp"
"4129","tg4"
"4130","tgd"
"4131","tgt"
"4132","tgz"
"4133","th2"
"4134","tih"
"4135","tjb"
"4136","tje"
"4137","tjs"
"4138","tjx"
"4139","tkb"
"4140","tkl"
"4141","tl4"
"4142","tld"
"4143","tlt"
"4144","tma"
"4145","tme"
"4146","tml"
"4147","tmt"
"4148","tn8"
"4149","tna"
"4150","tnd"
"4151","tne"
"4152","tng"
"4153","tnr"
"4154","toh"
"4155","tph"
"4156","tpk"
"4157","tpn"
"4158","tr7"
"4159","trl"
"4160","trm"
"4161","trr"
"4162","trv"
"4163","ts3"
"4164","ttd"
"4165","ttf"
"4166","tti"
"4167","ttm"
"4168","tvt"
"4169","tw9"
"4170","twd"
"4171","twh"
"4172","twp"
"4173","twt"
"4174","tym"
"4175","tyn"
"4176","tzi"
"4177","u12"
"4178","u18"
"4179","u2s"
"4180","u30"
"4181","u3l"
"4182","u43"
"4183","uad"
"4184","uap"
"4185","uau"
"4186","uba"
"4187","ubb"
"4188","ubd"
"4189","ubo"
"4190","ucc"
"4191","udd"
"4192","udj"
"4193","ued"
"4194","uef"
"4195","uej"
"4196","ueu"
"4197","uft"
"4198","ufz"
"4199","ugl"
"4200","uhe"
"4201","uhi"
"4202","uhp"
"4203","uhw"
"4204","uin"
"4205","uip"
"4206","ukf"
"4207","ukk"
"4208","ule"
"4209","uli"
"4210","umd"
"4211","umf"
"4212","umh"
"4213","umu"
"4214","unm"
"4215","uor"
"4216","uou"
"4217","upc"
"4218","upe"
"4219","upf"
"4220","upv"
"4221","upw"
"4222","urc"
"4223","urz"
"4224","us1"
"4225","usi"
"4226","usl"
"4227","usn"
"4228","utu"
"4229","uus"
"4230","uvc"
"4231","uvd"
"4232","uwc"
"4233","uwt"
"4234","uys"
"4235","uzu"
"4236","v&s"
"4237","v.s"
"4238","v02"
"4239","v11"
"4240","v1e"
"4241","v5c"
"4242","v60"
"4243","va3"
"4244","vaf"
"4245","vao"
"4246","vap"
"4247","vbg"
"4248","vbt"
"4249","vca"
"4250","vce"
"4251","vch"
"4252","vco"
"4253","vcp"
"4254","vdk"
"4255","vdv"
"4256","veh"
"4257","vev"
"4258","vgl"
"4259","vht"
"4260","vio"
"4261","vjs"
"4262","vla"
"4263","vle"
"4264","vlr"
"4265","vns"
"4266","vo5"
"4267","vpu"
"4268","vr5"
"4269","vrd"
"4270","vrm"
"4271","vrn"
"4272","vrq"
"4273","vry"
"4274","vsa"
"4275","vsc"
"4276","vsr"
"4277","vst"
"4278","vtv"
"4279","vus"
"4280","vuv"
"4281","vuz"
"4282","vvt"
"4283","vvu"
"4284","vwo"
"4285","vxi"
"4286","w&d"
"4287","w&j"
"4288","w10"
"4289","w13"
"4290","w20"
"4291","w4b"
"4292","w90"
"4293","wao"
"4294","wb6"
"4295","wbl"
"4296","wbs"
"4297","wdz"
"4298","we7"
"4299","wef"
"4300","weo"
"4301","wfd"
"4302","wfp"
"4303","wfs"
"4304","wgs"
"4305","wgv"
"4306","whg"
"4307","whs"
"4308","wht"
"4309","wiu"
"4310","wjb"
"4311","wjc"
"4312","wjr"
"4313","wkm"
"4314","wld"
"4315","wlg"
"4316","wly"
"4317","wma"
"4318","wmc"
"4319","wmt"
"4320","wnd"
"4321","wng"
"4322","wnz"
"4323","wo1"
"4324","wo2"
"4325","wp7"
"4326","wpb"
"4327","wpm"
"4328","wps"
"4329","wpt"
"4330","wrn"
"4331","wrv"
"4332","wrz"
"4333","ws4"
"4334","wse"
"4335","wsg"
"4336","wsm"
"4337","wst"
"4338","wsy"
"4339","wud"
"4340","wue"
"4341","wuz"
"4342","wve"
"4343","wwn"
"4344","wwp"
"4345","wx5"
"4346","wxp"
"4347","wyr"
"4348","x01"
"4349","x08"
"4350","x14"
"4351","x19"
"4352","x23"
"4353","x24"
"4354","x26"
"4355","x43"
"4356","x5s"
"4357","xaj"
"4358","xam"
"4359","xap"
"4360","xar"
"4361","xcv"
"4362","xdr"
"4363","xek"
"4364","xer"
"4365","xes"
"4366","xeu"
"4367","xex"
"4368","xik"
"4369","xir"
"4370","xkd"
"4371","xlp"
"4372","xlr"
"4373","xlt"
"4374","xob"
"4375","xod"
"4376","xom"
"4377","xor"
"4378","xot"
"4379","xp5"
"4380","xpm"
"4381","xr2"
"4382","xr8"
"4383","xri"
"4384","xrm"
"4385","xrs"
"4386","xsi"
"4387","xst"
"4388","xth"
"4389","xto"
"4390","xxs"
"4391","y02"
"4392","yav"
"4393","ybe"
"4394","ych"
"4395","yck"
"4396","ydh"
"4397","ydi"
"4398","yds"
"4399","ydy"
"4400","yed"
"4401","yel"
"4402","yev"
"4403","yfd"
"4404","ygl"
"4405","yhe"
"4406","yhy"
"4407","yig"
"4408","yii"
"4409","yij"
"4410","yiu"
"4411","yke"
"4412","ymc"
"4413","ymf"
"4414","ynd"
"4415","ynn"
"4416","yns"
"4417","yoe"
"4418","yov"
"4419","yox"
"4420","yqv"
"4421","yre"
"4422","yrl"
"4423","yrp"
"4424","yrr"
"4425","yrs"
"4426","ysh"
"4427","ytd"
"4428","yug"
"4429","yuv"
"4430","yyz"
"4431","z28"
"4432","z89"
"4433","zbl"
"4434","zdo"
"4435","zea"
"4436","zeo"
"4437","zes"
"4438","zez"
"4439","zic"
"4440","zii"
"4441","zik"
"4442","zix"
"4443","zlt"
"4444","zmy"
"4445","zna"
"4446","znd"
"4447","zol"
"4448","zot"
"4449","zow"
"4450","zpl"
"4451","zpt"
"4452","zra"
"4453","zso"
"4454","zte"
"4455","zts"
"4456","zul"
"4457","zup"
"4458","zvi"
"4459","zx6"
